x_mutation_status,Functional Classification
ABCB9_p.R281L,UNKN
ABCB9_p.V140M,UNKN
ABCB9_p.G443C,UNKN
ABCB9_WT,UNKN
ACAA1_WT,OEVAL
ACAT2_WT,OEVAL
ACD_WT,OEVAL
AKR1B1_p.Q27K,UNKN
AKR1B1_p.P14R,UNKN
AKR1B1_p.F252L,UNKN
AKR1B1_WT.2,UNKN
AKR1B1_WT.1,UNKN
AKT1_p.D323Y,ONC
AKT1_p.E17K,ONC
AKT1_WT,ONC
ARAF_p.D429A,ONC
ARAF_p.L96Q,ONC
"ARAF_p.S214F, p.D429A",ONC
ARAF_p.S214C,ONC
"ARAF_p.S214C, p.D429A",ONC
ARAF_p.S214F,ONC
ARAF_p.V145L,ONC
ARAF_WT,ONC
ATF2_p.A481V,UNKN
ATF2_p.K106R,UNKN
ATF2_p.P70S,UNKN
ATF2_p.T339A,UNKN
ATF2_WT.2,UNKN
ATF2_WT.1,UNKN
ATG3_WT,OEVAL
AURKB_WT,OEVAL
BFP_ctl,CTL
BMP4_WT,OEVAL
-666,
BRAF_p.A762E,ONC
BRAF_p.D594H,ONC
BRAF_p.G466E,ONC
BRAF_p.G466A,ONC
BRAF_p.G469S,ONC
BRAF_p.G466V,ONC
BRAF_p.G469V,ONC
BRAF_p.H574N,ONC
BRAF_p.H574Q,ONC
BRAF_p.K601N,ONC
BRAF_p.L613F,ONC
BRAF_p.L485S,ONC
BRAF_p.N581S,ONC
BRAF_p.P367R,ONC
BRAF_p.R682W,ONC
BRAF_p.V600E,ONC
BRAF_p.W450L,ONC
BRP44_WT,OEVAL
CASP8_p.E147D,TSG
CASP8_WT.1,TSG
CASP8_WT.2,TSG
CBR1_WT,OEVAL
CBR3_WT,OEVAL
CCDC90A_WT,OEVAL
CCL2_WT,OEVAL
CCND1_p.E172K,ONC
CCND1_WT,ONC
CCNH_WT,OEVAL
CD40_WT,OEVAL
CDC45_WT,OEVAL
CDK6_WT,OEVAL
CETN3_WT,OEVAL
CFLAR_WT,OEVAL
CGREF1_p.Q295K,UNKN
CGREF1_p.Q286K,UNKN
CGREF1_p.P21L,UNKN
CGREF1_WT.2,UNKN
CGREF1_WT.1,UNKN
CGRRF1_WT,OEVAL
CSNK1A1_WT,OEVAL
CTNNB1_MAPK7,ONC
CTNNB1_p.S33N,ONC
CTNNB1_p.G34V,ONC
CTNNB1_p.V600G,ONC
CTNNB1_p.I140T,ONC
CTNNB1_p.S37C,ONC
CTNNB1_p.F777S,ONC
CTNNB1_p.S45F,ONC
CTNNB1_p.T41A,ONC
CTNNB1_p.G367V,ONC
CTNNB1_WT,ONC
DARC_p.T211S,UNKN
DARC_p.W253R,UNKN
DARC_WT,UNKN
DAXX_WT,OEVAL
DCAF8_p.R559P,UNKN
DCAF8_p.D570G,UNKN
DCAF8_p.E63K,UNKN
DCAF8_p.G588C,UNKN
DCAF8_p.E102Q,UNKN
DCAF8_p.P156S,UNKN
DCAF8_WT.1,UNKN
DCAF8_WT.2,UNKN
DECR1_WT,OEVAL
DHRS7_WT,OEVAL
DNAJC15_WT,OEVAL
DNMT3A_WT,OEVAL
DNTTIP2_WT,OEVAL
DOK1_p.A127V,TSG
DOK1_p.A32T,TSG
DOK1_p.P419S,TSG
DOK1_p.S460I,TSG
DOK1_p.V393L,TSG
DOK1_p.W26C,TSG
DOK1_WT.1,TSG
DOK1_WT.2,TSG
EBNA1BP2_WT,OEVAL
eGFP_ctl,CTL
EGFR_p.773_774insH,ONC
EGFR_p.774_775insHV,ONC
EGFR_p.769_770insASV,ONC
EGFR_p.A237Y,ONC
EGFR_p.D837A,ONC
EGFR_p.ELR746del,ONC
"EGFR_p.ELREA746del, p.T790M",ONC
EGFR_p.E545Q,ONC
EGFR_p.ELREA746del,ONC
EGFR_p.G901V,ONC
EGFR_p.H1129Y,ONC
EGFR_p.K754I,ONC
EGFR_p.K754E,ONC
EGFR_p.L62R,ONC
EGFR_p.L858R,ONC
EGFR_p.L833F,ONC
EGFR_p.L861Q,ONC
EGFR_p.L907M,ONC
EGFR_p.Q1020H,ONC
EGFR_p.R1052I,ONC
EGFR_p.R222L,ONC
EGFR_p.R377S,ONC
EGFR_p.S645C,ONC
EGFR_p.S768I,ONC
EGFR_p.S921R,ONC
EGFR_p.T790M,ONC
"EGFR_p.T790M, p.L858R",ONC
EGFR_p.V769L,ONC
EGFR_WT,ONC
ERBB2_p.S310F,ONC
ERBB2_p.776_776G>VC,ONC
ERBB2_p.774_775insAYVM,ONC
ERBB2_p.D845A,ONC
ERBB2_p.S418T,ONC
ERBB2_WT,ONC
ETFB_WT,OEVAL
ETV1_WT,OEVAL
EXOSC4_WT,OEVAL
FAIM_WT,OEVAL
FAM173B_p.R187P,UNKN
FAM173B_p.R101L,UNKN
FAM173B_WT,UNKN
FBXW7_p.D101E,TSG
FBXW7_p.V464E,TSG
FBXW7_p.P620R,TSG
FBXW7_p.D211N,TSG
FBXW7_WT.1,TSG
FBXW7_WT.2,TSG
FCGR3B_p.L218P,UNKN
FCGR3B_p.A78S,UNKN
FCGR3B_p.A78T,UNKN
FCGR3B_p.D147H,UNKN
FCGR3B_p.L23P,UNKN
FCGR3B_p.K179T,UNKN
FCGR3B_WT.1,UNKN
FCGR3B_WT.2,UNKN
FGFR3_p.S779R,ONC
FGFR3_p.D280G,ONC
FGFR3_p.R399H,ONC
FGFR3_p.D617A,ONC
GABPB1_WT,OEVAL
GOPC_WT,UNKN
GPR137B_p.Y135N,UNKN
GPR137B_WT,UNKN
GPR137B_p.C212S,UNKN
GPR137B_p.L95I,UNKN
GPR137B_p.S231F,UNKN
GRB7_WT,OEVAL
GTF2A2_WT,OEVAL
GTPBP8_WT,OEVAL
HAT1_WT,OEVAL
HAVCR2_p.P115A,UNKN
HAVCR2_p.L127F,UNKN
HAVCR2_p.G86V,UNKN
HAVCR2_p.P6S,UNKN
HAVCR2_WT,UNKN
HcRED_ctl,CTL
HLA-DRA_WT,OEVAL
HRAS_p.G13R,ONC
HRAS_p.Q61L,ONC
HRAS_WT.2,ONC
HRAS_WT.1,ONC
HSD17B10_WT,OEVAL
ID2_WT,OEVAL
IDH2_p.K130del,ONC
IDH2_p.R188W,ONC
IDH2_p.S249G,ONC
IDH2_WT.2,ONC
IDH2_WT.1,ONC
KEAP1_p.A159P,TSG
KEAP1_p.Y141F,TSG
KEAP1_p.V155A,TSG
KEAP1_p.R260L,TSG
KEAP1_p.R272P,TSG
KEAP1_p.S102L,TSG
KEAP1_p.S144F,TSG
KEAP1_p.R320M,TSG
KEAP1_p.G524C,TSG
KEAP1_p.W497L,TSG
KEAP1_p.V99L,TSG
KEAP1_p.G417E,TSG
KEAP1_p.L100P,TSG
KEAP1_p.R272H,TSG
KEAP1_p.R261P,TSG
KEAP1_p.I461V,TSG
KEAP1_p.A191T,TSG
KEAP1_p.F139L,TSG
KEAP1_p.E611D,TSG
KEAP1_p.D479G,TSG
KEAP1_p.G333S,TSG
KEAP1_p.F246L,TSG
KEAP1_p.R415C,TSG
KEAP1_p.N397del,TSG
KEAP1_p.P278R,TSG
KEAP1_p.G333C,TSG
KEAP1_p.G603W,TSG
KEAP1_p.R470H,TSG
KEAP1_p.R470C,TSG
KEAP1_p.M503K,TSG
KEAP1_p.R460G,TSG
KEAP1_p.R470S,TSG
KEAP1_p.P278S,TSG
KEAP1_p.R320P,TSG
KEAP1_p.Q284L,TSG
KEAP1_p.E218V,TSG
KEAP1_p.G417R,TSG
KEAP1_p.D389Y,TSG
KEAP1_p.R204P,TSG
KEAP1_p.T142M,TSG
KEAP1_p.M110I,TSG
KEAP1_p.G364C,TSG
KEAP1_p.G480W,TSG
KEAP1_p.F280Y,TSG
KEAP1_p.L268P,TSG
KEAP1_p.R601W,TSG
KEAP1_p.G419W,TSG
KEAP1_p.E117K,TSG
KEAP1_p.H96L,TSG
KEAP1_WT.2,TSG
KEAP1_WT.1,TSG
KRAS_p.D33E,ONC
KRAS_p.G12V,ONC
KRAS_p.G12D,ONC
KRAS_p.G12R,ONC
KRAS_p.G12S,ONC
KRAS_p.G12Y,ONC
KRAS_p.G12A,ONC
KRAS_p.G13D,ONC
KRAS_p.G12C,ONC
KRAS_p.G12F,ONC
KRAS_p.G13C,ONC
KRAS_p.G13V,ONC
KRAS_p.Q61L,ONC
KRAS_WT,ONC
LAGE3_WT,OEVAL
LAP3_WT,OEVAL
LIG1_WT,OEVAL
Luciferase_ctl,CTL
MAP2K1_p.EI102del,ONC
MAP2K1_p.K57N,ONC
MAP2K1_p.S331R,ONC
MAP2K1_p.M146I,ONC
MAP2K1_p.C121S,ONC
MAP2K1_p.F53L,ONC
MAP2K1_WT,ONC
MAPK7_p.D46N,UNKN
MAPK7_p.L806R,UNKN
MAPK7_p.T28I,UNKN
MAPK7_WT,UNKN
MAX_p.R35L,UNKN
MAX_p.R60del,UNKN
MAX_WT.1,UNKN
MAX_WT.2,UNKN
MDM2_p.E421Q,ONC
MDM2_p.S221C,ONC
MDM2_WT,ONC
MET_p.E1314G,ONC
MET_p.F1341L,ONC
MET_p.H644N,ONC
MET_p.K2N,ONC
MET_p.M1160L,ONC
MET_p.S441C,ONC
MET_p.Y1003F,ONC
MET_p.Y1235H,ONC
MET_WT,ONC
MET_ex14del,ONC
MFSD10_WT,OEVAL
MRPS16_WT,OEVAL
MTERFD1_WT,OEVAL
MVP_WT,OEVAL
MYC_p.E366Q,ONC
MYC_p.N215I,ONC
MYC_WT,ONC
NFE2L2_p.T80K,ONC
NFE2L2_WT.2,ONC
NFE2L2_WT.1,ONC
NFIL3_WT,OEVAL
NFKBIA_WT,OEVAL
NFKBIB_WT,OEVAL
NOSIP_WT,OEVAL
NPDC1_WT,OEVAL
NR4A2_p.R454M,UNKN
NR4A2_p.G231C,UNKN
NR4A2_p.K348Q,UNKN
NR4A2_p.D537E,UNKN
NR4A2_p.A18T,UNKN
NR4A2_p.R314L,UNKN
NR4A2_p.T411I,UNKN
NR4A2_p.G545E,UNKN
NR4A2_p.R572G,UNKN
NR4A2_p.A18S,UNKN
NRAS_p.Q61L,ONC
NRAS_WT,ONC
NUP88_WT,OEVAL
PCCB_WT,OEVAL
PIH1D1_WT,OEVAL
PIK3CA_p.H1047R,ONC
PIK3CA_p.R108H,ONC
PIK3CA_p.Q296E,ONC
PIK3CA_p.E600K,ONC
PIK3CA_p.Q137L,ONC
PIK3CA_p.E453Q,ONC
PIK3CA_p.123_124MP>IA,ONC
PIK3CA_p.E545K,ONC
PIK3CA_p.E542K,ONC
PIK3CA_p.E726K,ONC
PIK3CA_p.L699M,ONC
PIK3R3_p.P127L,UNKN
PIK3R3_p.S408R,UNKN
PIK3R3_p.F380L,UNKN
PIK3R3_p.M295T,UNKN
PIK3R3_p.R245C,UNKN
PIK3R3_WT.2,UNKN
PIK3R3_WT.1,UNKN
POLR2I_WT,OEVAL
PPARG_WT,OEVAL
PPOX_WT,OEVAL
PPP2R1A_p.V229L,TSG
PPP2R1A_p.R183W,TSG
PPP2R1A_p.Q372L,TSG
PPP2R1A_p.R46S,TSG
PPP2R1A_WT.1,TSG
PPP2R1A_p.C329F,TSG
PPP2R1A_p.C148F,TSG
PPP2R1A_p.W140C,TSG
PPP2R1A_p.A541G,TSG
PPP2R1A_WT.2,TSG
PPP2R1A_p.R258H,TSG
PSMD9_WT,OEVAL
PSME2_WT,OEVAL
PSMG1_WT,OEVAL
PTEN_p.H123Y,TSG
PTEN_p.M35I,TSG
PTEN_WT,TSG
PWP1_WT,OEVAL
PYGL_WT,OEVAL
RAB31_WT,OEVAL
RAF1_p.G14S,ONC
RAF1_p.S259F,ONC
RAF1_WT.1,ONC
RAF1_WT.2,ONC
RALA_WT,OEVAL
RARA_p.D256Y,UNKN
RARA_p.F286T,UNKN
RARA_p.M284I,UNKN
RARA_p.P29T,UNKN
RARA_p.P20S,UNKN
RARA_p.S229R,UNKN
RARA_WT.2,UNKN
RARA_WT.1,UNKN
RB1_p.A772S,TSG
RB1_p.E398L,TSG
RB1_p.Y756C,TSG
RB1_WT,TSG
RBKS_WT,OEVAL
RBM10_p.Q416L,TSG
RBM10_p.W658Y,TSG
RBM10_p.I316F,TSG
RBM10_p.E4K,TSG
RBM10_p.G153C,TSG
RBM10_p.Y580F,TSG
RBM10_WT.1,TSG
RBM10_WT.2,TSG
RBM15B_WT,OEVAL
RBM34_WT.2,UNKN
RBM34_WT.1,UNKN
RBM45_p.R81S,UNKN
RBM45_p.E216K,UNKN
RBM45_p.A8T,UNKN
RBM45_p.D117N,UNKN
RBM45_p.D434Y,UNKN
RBM45_p.M126I,UNKN
RBM45_WT.1,UNKN
RBM45_WT.2,UNKN
RHEB_WT,OEVAL
RIT1_p.A192T,ONC
RIT1_p.A77P,ONC
RIT1_p.F82L,ONC
RIT1_p.K23E,ONC
RIT1_p.M90I,ONC
RIT1_p.Q40L,ONC
RIT1_p.R122L,ONC
RIT1_p.T76insTDLT,ONC
RIT1_p.TA83del,ONC
RIT1_WT.1,ONC
RIT1_WT.2,ONC
RNH1_WT,OEVAL
S100A13_WT,OEVAL
SCCPDH_WT,OEVAL
SDHB_WT,OEVAL
SENP6_WT,OEVAL
SERPINB5_p.A165T,UNKN
SERPINB5_WT.2,UNKN
SERPINB5_p.G142V,UNKN
SERPINB5_p.I159S,UNKN
SERPINB5_p.T37I,UNKN
SERPINB5_p.A42F,UNKN
SERPINB5_p.A7T,UNKN
SERPINB5_p.D141A,UNKN
SERPINB5_WT.1,UNKN
SHC1_WT,OEVAL
SMAD4_p.D351G,TSG
SMAD4_p.D493N,TSG
SMAD4_p.V492F,TSG
SMAD4_p.P356R,TSG
SMAD4_p.P215S,TSG
SMAD4_p.R361H,TSG
SMAD4_p.R100W,TSG
SMAD4_p.G386V,TSG
SOX2_WT,OEVAL
SPP1_WT,OEVAL
SQRDL_WT,OEVAL
STAP2_WT,OEVAL
STC2_p.A188V,UNKN
STC2_p.D36Y,UNKN
STC2_p.G283R,UNKN
STC2_p.K163R,UNKN
STC2_p.M10V,UNKN
STC2_p.N59I,UNKN
STC2_p.R5W,UNKN
STC2_p.R236S,UNKN
STC2_WT.2,UNKN
STC2_WT.1,UNKN
STK11_p.G242W,TSG
STK11_p.L245F,TSG
STK11_p.D194Y,TSG
STK11_p.G56V,TSG
STK11_p.G56W,TSG
STK11_p.G251F,TSG
STK11_p.D176A,TSG
STK11_p.S216F,TSG
STK11_p.N181Y,TSG
STK11_p.W239C,TSG
STK11_p.D176H,TSG
STK11_p.G251V,TSG
STK11_p.P221L,TSG
STK11_p.H168R,TSG
STK11_p.K78E,TSG
STK11_p.N181I,TSG
STK11_WT.1,TSG
STK11_WT.2,TSG
TERT_p.L593F,ONC
TP53_p.A159P,TSG
TP53_p.A159V,TSG
TP53_p.A161V,TSG
TP53_p.A276D,TSG
TP53_p.C238Y,TSG
TP53_p.C277F,TSG
TP53_p.C242S,TSG
TP53_p.C176F,TSG
TP53_p.C275F,TSG
TP53_p.C135F,TSG
TP53_p.C176Y,TSG
TP53_p.D281V,TSG
TP53_p.D391N,TSG
TP53_p.D281E,TSG
TP53_p.D281Y,TSG
TP53_p.E286G,TSG
TP53_p.E285K,TSG
TP53_p.E224D,TSG
TP53_p.E258D,TSG
TP53_p.E180K,TSG
TP53_p.E271K,TSG
TP53_p.F270V,TSG
TP53_p.F270C,TSG
TP53_p.G245V,TSG
TP53_p.G266R,TSG
TP53_p.G266V,TSG
TP53_p.G105D,TSG
TP53_p.G245D,TSG
TP53_p.G154V,TSG
TP53_p.G105C,TSG
TP53_p.G244C,TSG
TP53_p.G334A,TSG
TP53_p.G334V,TSG
TP53_p.H168L,TSG
TP53_p.I255F,TSG
TP53_p.K132E,TSG
TP53_p.L194R,TSG
TP53_p.M169I,TSG
TP53_p.M237I,TSG
TP53_p.N239S,TSG
TP53_p.N247I,TSG
TP53_p.P278T,TSG
TP53_p.P278H,TSG
TP53_p.P77L,TSG
TP53_p.PA128del,TSG
TP53_p.Q144H,TSG
TP53_p.Q144L,TSG
TP53_p.R267L,TSG
TP53_p.R280T,TSG
TP53_p.R249S,TSG
TP53_p.R337P,TSG
TP53_p.R337C,TSG
TP53_p.R282W,TSG
TP53_p.R249M,TSG
TP53_p.R249W,TSG
TP53_p.R249T,TSG
TP53_p.R248Q,TSG
TP53_p.R280I,TSG
TP53_p.R273P,TSG
TP53_p.R175H,TSG
TP53_p.R280G,TSG
TP53_p.R249G,TSG
TP53_p.R273C,TSG
TP53_p.RR282del,TSG
TP53_p.R283P,TSG
TP53_p.R248L,TSG
TP53_p.R158P,TSG
TP53_p.R273H,TSG
TP53_p.R181H,TSG
TP53_p.R248W,TSG
TP53_p.R158H,TSG
TP53_p.R248P,TSG
TP53_p.S127C,TSG
TP53_p.S215I,TSG
TP53_p.T155P,TSG
TP53_p.T155I,TSG
TP53_p.V172F,TSG
TP53_p.V272G,TSG
TP53_p.V173L,TSG
TP53_p.V272K,TSG
TP53_p.V157F,TSG
TP53_p.V274F,TSG
TP53_p.V216M,TSG
TP53_p.Y205C,TSG
TP53_p.Y205H,TSG
TP53_p.Y220C,TSG
TP53_WT.1,TSG
TP53_WT.2,TSG
TPK1_p.D29Y,UNKN
TPK1_p.E81Q,UNKN
TPK1_p.G48C,UNKN
TPK1_p.K111M,UNKN
TPK1_p.L185I,UNKN
TPK1_p.P152T,UNKN
TPK1_p.T205S,UNKN
TPK1_p.T213S,UNKN
TPK1_WT,UNKN
TRAP1_WT,OEVAL
TSTA3_WT,OEVAL
U2AF1_p.S34F,ONC
U2AF1_WT.1,ONC
U2AF1_WT.2,ONC
UnTrt,EMPTY
ZBTB24_p.K123M,UNKN
ZBTB24_p.G693S,UNKN
ZBTB24_p.Q669R,UNKN
ZBTB24_p.M78I,UNKN
ZBTB24_p.G568C,UNKN
ZBTB24_WT.2,UNKN
ZBTB24_WT.1,UNKN
ZNF597_p.V21L,UNKN
ZNF597_p.F16L,UNKN
ZNF597_p.R247T,UNKN
ZNF597_p.L283V,UNKN
ZNF597_WT.1,UNKN
ZNF597_WT.2,UNKN
